{
    "frame": 1544,
    "timestamp_unix": 1735711251,
    "position_m": [
        -12.93156909942627,
        -1.089231014251709,
        0.0
    ],
    "rotation_matrix": [
        [
            -1.0,
            -3.2584136988589307e-07,
            1.0617259160608863e-13
        ],
        [
            -3.2584136988589307e-07,
            1.0,
            -3.2584136988589307e-07
        ],
        [
            0.0,
            -3.2584136988589307e-07,
            -1.0
        ]
    ],
    "sensor_size_mm": 36.0,
    "fov_deg": 95.00000150525098,
    "projection_matrix": [
        [
            0.9163311719894409,
            0.0,
            0.0,
            0.0
        ],
        [
            0.0,
            1.2170023918151855,
            0.0,
            0.0
        ],
        [
            0.0,
            0.0,
            -1.0001999139785767,
            -0.20002000033855438
        ],
        [
            0.0,
            0.0,
            -1.0,
            0.0
        ]
    ]
}