{
    "frame": 879,
    "timestamp_unix": 1735711229,
    "position_m": [
        0.0,
        11.842337608337402,
        0.0
    ],
    "rotation_matrix": [
        [
            -4.371138828673793e-08,
            1.0,
            -8.742277657347586e-08
        ],
        [
            1.0,
            4.371138828673793e-08,
            -3.821371353845884e-15
        ],
        [
            0.0,
            -8.742277657347586e-08,
            -1.0
        ]
    ],
    "sensor_size_mm": 36.0,
    "fov_deg": 95.00000150525098,
    "projection_matrix": [
        [
            0.9163311719894409,
            0.0,
            0.0,
            0.0
        ],
        [
            0.0,
            1.2170023918151855,
            0.0,
            0.0
        ],
        [
            0.0,
            0.0,
            -1.0001999139785767,
            -0.20002000033855438
        ],
        [
            0.0,
            0.0,
            -1.0,
            0.0
        ]
    ]
}