{
    "frame": 269,
    "timestamp_unix": 1735711208,
    "position_m": [
        100.0,
        50.0,
        2.0
    ],
    "rotation_matrix": [
        [
            -4.371138828673793e-08,
            0.6427876353263855,
            0.7660444378852844
        ],
        [
            1.0,
            2.809714061413615e-08,
            3.34848664351739e-08
        ],
        [
            0.0,
            0.7660444378852844,
            -0.6427876353263855
        ]
    ],
    "sensor_size_mm": 36.0,
    "fov_deg": 120.00000333930423,
    "projection_matrix": [
        [
            0.5773502588272095,
            0.0,
            0.0,
            0.0
        ],
        [
            0.0,
            1.0264004468917847,
            0.0,
            0.0
        ],
        [
            0.0,
            0.0,
            -1.000040054321289,
            -0.20000401139259338
        ],
        [
            0.0,
            0.0,
            -1.0,
            0.0
        ]
    ]
}