{
    "frame": 25,
    "timestamp_unix": 1735711200,
    "position_m": [
        -100.0,
        -100.0,
        1.0
    ],
    "rotation_matrix": [
        [
            1.0,
            8.742279078433057e-08,
            1.5142069287321647e-07
        ],
        [
            1.7484555314695172e-07,
            -0.5000000596046448,
            -0.8660253882408142
        ],
        [
            0.0,
            0.8660253882408142,
            -0.5000000596046448
        ]
    ],
    "sensor_size_mm": 36.0,
    "fov_deg": 139.99999934239548,
    "projection_matrix": [
        [
            0.36397024989128113,
            0.0,
            0.0,
            0.0
        ],
        [
            0.0,
            0.6470582485198975,
            0.0,
            0.0
        ],
        [
            0.0,
            0.0,
            -1.000040054321289,
            -0.20000401139259338
        ],
        [
            0.0,
            0.0,
            -1.0,
            0.0
        ]
    ]
}