{
  "cameras": [
    {
      "fov_deg": 95,
      "id": 0,
      "position_m": [
        12.93156909942627,
        -1.089231014251709,
        0.0
      ],
      "resolution": [
        4080,
        2292
      ],
      "rotation_matrix": [
        [
          1.0,
          0.0,
          0.0
        ],
        [
          0.0,
          -1.0,
          8.742277657347586e-08
        ],
        [
          0.0,
          -8.742277657347586e-08,
          -1.0
        ]
      ]
    },
    {
      "fov_deg": 95,
      "id": 1,
      "position_m": [
        0.0,
        11.842337608337402,
        0.0
      ],
      "resolution": [
        4080,
        2292
      ],
      "rotation_matrix": [
        [
          -4.371138828673793e-08,
          1.0,
          -8.742277657347586e-08
        ],
        [
          1.0,
          4.371138828673793e-08,
          -3.821371353845884e-15
        ],
        [
          0.0,
          -8.742277657347586e-08,
          -1.0
        ]
      ]
    },
    {
      "fov_deg": 95,
      "id": 2,
      "position_m": [
        -12.93156909942627,
        -1.089231014251709,
        0.0
      ],
      "resolution": [
        4080,
        2292
      ],
      "rotation_matrix": [
        [
          -1.0,
          -3.2584136988589307e-07,
          1.0617259160608863e-13
        ],
        [
          -3.2584136988589307e-07,
          1.0,
          -3.2584136988589307e-07
        ],
        [
          0.0,
          -3.2584136988589307e-07,
          -1.0
        ]
      ]
    }
  ],
  "grid_info": {
    "dimensions": [
      67,
      61,
      29
    ],
    "origin_m": [
      -165.09934997558594,
      -140.32542419433594,
      0.0
    ],
    "total_changes": 0,
    "voxel_size_m": 5.0
  },
  "motion_analysis": {
    "added_voxels": 0,
    "average_change_intensity": 0.0,
    "modified_voxels": 0,
    "removed_voxels": 0,
    "total_changes": 0
  },
  "targets": [
    {
      "frame": 2221,
      "is_visible": false,
      "name": "Drone",
      "position_m": [
        0.0,
        -109.95336151123047,
        99.99996948242188
      ]
    }
  ],
  "voxels": []
}