{
    "frame": 291,
    "timestamp_unix": 1735711209,
    "position_m": [
        -100.0,
        -100.0,
        1.0
    ],
    "rotation_matrix": [
        [
            1.0,
            1.4322509400699346e-07,
            1.0028729491295962e-07
        ],
        [
            1.7484555314695172e-07,
            -0.8191520571708679,
            -0.5735764503479004
        ],
        [
            0.0,
            0.5735764503479004,
            -0.8191520571708679
        ]
    ],
    "sensor_size_mm": 36.0,
    "fov_deg": 139.99999934239548,
    "projection_matrix": [
        [
            0.36397024989128113,
            0.0,
            0.0,
            0.0
        ],
        [
            0.0,
            0.6470582485198975,
            0.0,
            0.0
        ],
        [
            0.0,
            0.0,
            -1.000040054321289,
            -0.20000401139259338
        ],
        [
            0.0,
            0.0,
            -1.0,
            0.0
        ]
    ]
}