{
  "cameras": [
    {
      "fov_deg": 120,
      "id": 0,
      "position_m": [
        100.0,
        0.0,
        2.0
      ],
      "resolution": [
        1920,
        1080
      ],
      "rotation_matrix": [
        [
          -4.371138828673793e-08,
          0.6427876353263855,
          0.7660444378852844
        ],
        [
          1.0,
          2.809714061413615e-08,
          3.34848664351739e-08
        ],
        [
          0.0,
          0.7660444378852844,
          -0.6427876353263855
        ]
      ]
    },
    {
      "fov_deg": 120,
      "id": 1,
      "position_m": [
        100.0,
        50.0,
        2.0
      ],
      "resolution": [
        1920,
        1080
      ],
      "rotation_matrix": [
        [
          -4.371138828673793e-08,
          0.6427876353263855,
          0.7660444378852844
        ],
        [
          1.0,
          2.809714061413615e-08,
          3.34848664351739e-08
        ],
        [
          0.0,
          0.7660444378852844,
          -0.6427876353263855
        ]
      ]
    },
    {
      "fov_deg": 120,
      "id": 2,
      "position_m": [
        100.0,
        -50.0,
        2.0
      ],
      "resolution": [
        1920,
        1080
      ],
      "rotation_matrix": [
        [
          -4.371138828673793e-08,
          0.6427876353263855,
          0.7660444378852844
        ],
        [
          1.0,
          2.809714061413615e-08,
          3.34848664351739e-08
        ],
        [
          0.0,
          0.7660444378852844,
          -0.6427876353263855
        ]
      ]
    }
  ],
  "grid_info": {
    "dimensions": [
      33,
      72,
      23
    ],
    "origin_m": [
      -12.588912963867188,
      -177.8538818359375,
      0.0
    ],
    "total_changes": 0,
    "voxel_size_m": 5.0
  },
  "motion_analysis": {
    "added_voxels": 0,
    "average_change_intensity": 0.0,
    "modified_voxels": 0,
    "removed_voxels": 0,
    "total_changes": 0
  },
  "targets": [
    {
      "frame": 25,
      "name": "Drone",
      "position_m": [
        22.55009651184082,
        -4.310396194458008,
        80.56917572021484
      ],
      "voxel_size_m": 5.0
    }
  ],
  "voxels": []
}